{
    "dep__d": 1.0, 
    "dep__d_p": 0.5040915687443777, 
    "dep__rho_p": 5.996567646861944, 
    "dep__w": 50.0, 
    "elec__A": 1.0101369861543954, 
    "elec__z": 2.0027515288032403, 
    "wca__alpha": 6.0, 
    "wca__d": 1.0, 
    "wca__epsilon": 0.9968269428317471, 
    "wca__max_ur": 1000000.0
}